mrn,sample_id,first_last,protocol_no,nct_id,genomic_alteration,tier,match_type,trial_accrual_status,match_level,code,internal_id,ord_physician_name,ord_physician_email,vital_status,oncotree_primary_diagnosis_name,true_hugo_symbol,true_protein_change,true_variant_classification,variant_category,report_date,chromosome,position,true_cdna_change,reference_allele,true_transcript_exon,canonical_strand,allele_fraction,cnv_call,wildtype,_id
848079,BL-18-A48067,KIM KARANIAN,17-489,NCT02675946,!CTNNB1,,gene,open,arm,PH1 ESC,19032,"MEYERHARDT, JEFFREY  M.D.",jmeyerhardt@partners.org,alive,Pancreatic Adenocarcinoma,,,,,2018-11-23 22:28:14,,,,,,,,,,ObjectId(5c2c57e3cfd1600369121905)
848079,BL-18-A48067,KIM KARANIAN,17-489,NCT02675946,!APC Heterozygous deletion,,gene,open,arm,PH1 ESC,19032,"MEYERHARDT, JEFFREY  M.D.",jmeyerhardt@partners.org,alive,Pancreatic Adenocarcinoma,,,,,2018-11-23 22:28:14,,,,,,,,,,ObjectId(5c2c57e3cfd1600369131254)
848079,BL-18-A48067,KIM KARANIAN,18-109,NCT03520075,!BRAF p.V600E,,variant,closed,arm,COHORT D,21580,"MEYERHARDT, JEFFREY  M.D.",jmeyerhardt@partners.org,alive,Pancreatic Adenocarcinoma,,,,,2018-11-23 22:28:14,,,,,,,,,,ObjectId(5c2c57e5cfd160036913a8ca)
848079,BL-18-A48067,KIM KARANIAN,17-251,NCT03114319,!KRAS p.G13,,variant,closed,arm,FE,17744,"MEYERHARDT, JEFFREY  M.D.",jmeyerhardt@partners.org,alive,Pancreatic Adenocarcinoma,,,,,2018-11-23 22:28:14,,,,,,,,,,ObjectId(5c2c57e6cfd160036913faa1)
848079,BL-18-A48067,KIM KARANIAN,11-490,NCT01449058,BRAF p.N486_P490del,2,gene,closed,dose,6b,4915,"MEYERHARDT, JEFFREY  M.D.",jmeyerhardt@partners.org,alive,Pancreatic Adenocarcinoma,BRAF,p.N486_P490del,In_Frame_Del,MUTATION,2018-11-23 22:28:14,7,1.40477836e+08,c.1457_1471delATGTGACAGCACCTA,GTAGGTGCTGTCACAT,12,-,0.12,,false,ObjectId(5c2c57e9cfd1600369158467)
848079,BL-18-A48067,KIM KARANIAN,17-251,NCT03114319,!HRAS p.Q61,,variant,closed,arm,FE,17744,"MEYERHARDT, JEFFREY  M.D.",jmeyerhardt@partners.org,alive,Pancreatic Adenocarcinoma,,,,,2018-11-23 22:28:14,,,,,,,,,,ObjectId(5c2c57e9cfd1600369158d10)
848079,BL-18-A48067,KIM KARANIAN,17-251,NCT03114319,!BRAF p.V600,,variant,closed,arm,FE,17744,"MEYERHARDT, JEFFREY  M.D.",jmeyerhardt@partners.org,alive,Pancreatic Adenocarcinoma,,,,,2018-11-23 22:28:14,,,,,,,,,,ObjectId(5c2c57e9cfd1600369158d2b)
848079,BL-18-A48067,KIM KARANIAN,17-251,NCT03114319,!NRAS p.G13,,variant,closed,arm,FE,17744,"MEYERHARDT, JEFFREY  M.D.",jmeyerhardt@partners.org,alive,Pancreatic Adenocarcinoma,,,,,2018-11-23 22:28:14,,,,,,,,,,ObjectId(5c2c57e9cfd1600369158d56)
848079,BL-18-A48067,KIM KARANIAN,17-251,NCT03114319,!HRAS p.G12,,variant,closed,arm,FE,17744,"MEYERHARDT, JEFFREY  M.D.",jmeyerhardt@partners.org,alive,Pancreatic Adenocarcinoma,,,,,2018-11-23 22:28:14,,,,,,,,,,ObjectId(5c2c57e9cfd1600369158d68)
848079,BL-18-A48067,KIM KARANIAN,17-251,NCT03114319,!HRAS p.G13,,variant,closed,arm,FE,17744,"MEYERHARDT, JEFFREY  M.D.",jmeyerhardt@partners.org,alive,Pancreatic Adenocarcinoma,,,,,2018-11-23 22:28:14,,,,,,,,,,ObjectId(5c2c57e9cfd1600369158d84)
848079,BL-18-A48067,KIM KARANIAN,11-490,NCT01449058,BRAF p.N486_P490del,2,gene,closed,dose,5b,4724,"MEYERHARDT, JEFFREY  M.D.",jmeyerhardt@partners.org,alive,Pancreatic Adenocarcinoma,BRAF,p.N486_P490del,In_Frame_Del,MUTATION,2018-11-23 22:28:14,7,1.40477836e+08,c.1457_1471delATGTGACAGCACCTA,GTAGGTGCTGTCACAT,12,-,0.12,,false,ObjectId(5c2c57e9cfd1600369159327)
848079,BL-18-A48067,KIM KARANIAN,17-251,NCT03114319,!HRAS p.Q61,,variant,closed,arm,ARM 4,17677,"MEYERHARDT, JEFFREY  M.D.",jmeyerhardt@partners.org,alive,Pancreatic Adenocarcinoma,,,,,2018-11-23 22:28:14,,,,,,,,,,ObjectId(5c2c57eacfd1600369163df3)
848079,BL-18-A48067,KIM KARANIAN,17-251,NCT03114319,!BRAF p.V600,,variant,closed,arm,ARM 4,17677,"MEYERHARDT, JEFFREY  M.D.",jmeyerhardt@partners.org,alive,Pancreatic Adenocarcinoma,,,,,2018-11-23 22:28:14,,,,,,,,,,ObjectId(5c2c57eacfd1600369163df4)
848079,BL-18-A48067,KIM KARANIAN,17-251,NCT03114319,!PTPN11,,gene,closed,arm,ARM 4,17677,"MEYERHARDT, JEFFREY  M.D.",jmeyerhardt@partners.org,alive,Pancreatic Adenocarcinoma,,,,,2018-11-23 22:28:14,,,,,,,,,,ObjectId(5c2c57eacfd1600369163df5)
848079,BL-18-A48067,KIM KARANIAN,17-251,NCT03114319,!NRAS p.G13,,variant,closed,arm,ARM 4,17677,"MEYERHARDT, JEFFREY  M.D.",jmeyerhardt@partners.org,alive,Pancreatic Adenocarcinoma,,,,,2018-11-23 22:28:14,,,,,,,,,,ObjectId(5c2c57eacfd1600369163df7)
848079,BL-18-A48067,KIM KARANIAN,17-251,NCT03114319,!NRAS p.Q61,,variant,closed,arm,ARM 4,17677,"MEYERHARDT, JEFFREY  M.D.",jmeyerhardt@partners.org,alive,Pancreatic Adenocarcinoma,,,,,2018-11-23 22:28:14,,,,,,,,,,ObjectId(5c2c57eacfd1600369163df8)
848079,BL-18-A48067,KIM KARANIAN,17-251,NCT03114319,!HRAS p.G12,,variant,closed,arm,ARM 4,17677,"MEYERHARDT, JEFFREY  M.D.",jmeyerhardt@partners.org,alive,Pancreatic Adenocarcinoma,,,,,2018-11-23 22:28:14,,,,,,,,,,ObjectId(5c2c57eacfd1600369163df9)
848079,BL-18-A48067,KIM KARANIAN,17-251,NCT03114319,!HRAS p.G13,,variant,closed,arm,ARM 4,17677,"MEYERHARDT, JEFFREY  M.D.",jmeyerhardt@partners.org,alive,Pancreatic Adenocarcinoma,,,,,2018-11-23 22:28:14,,,,,,,,,,ObjectId(5c2c57eacfd1600369163dfa)
848079,BL-18-A48067,KIM KARANIAN,11-490,NCT01449058,BRAF p.N486_P490del,2,gene,closed,dose,3a,4299,"MEYERHARDT, JEFFREY  M.D.",jmeyerhardt@partners.org,alive,Pancreatic Adenocarcinoma,BRAF,p.N486_P490del,In_Frame_Del,MUTATION,2018-11-23 22:28:14,7,1.40477836e+08,c.1457_1471delATGTGACAGCACCTA,GTAGGTGCTGTCACAT,12,-,0.12,,false,ObjectId(5c2c57eccfd1600369167529)
848079,BL-18-A48067,KIM KARANIAN,17-489,NCT02675946,!APC Homozygous deletion,,gene,open,arm,PH1 ESC,19032,"MEYERHARDT, JEFFREY  M.D.",jmeyerhardt@partners.org,alive,Pancreatic Adenocarcinoma,,,,,2018-11-23 22:28:14,,,,,,,,,,ObjectId(5c2c57eccfd160036916e249)
848079,BL-18-A48067,KIM KARANIAN,15-129,NCT01351103,BRAF p.N486_P490del,2,gene,closed,arm,DOSE,13601,"MEYERHARDT, JEFFREY  M.D.",jmeyerhardt@partners.org,alive,Pancreatic Adenocarcinoma,BRAF,p.N486_P490del,In_Frame_Del,MUTATION,2018-11-23 22:28:14,7,1.40477836e+08,c.1457_1471delATGTGACAGCACCTA,GTAGGTGCTGTCACAT,12,-,0.12,,false,ObjectId(5c2c57edcfd1600369179848)
848079,BL-18-A48067,KIM KARANIAN,18-109,NCT03520075,BRAF p.N486_P490del,2,gene,closed,arm,PARTB,21581,"MEYERHARDT, JEFFREY  M.D.",jmeyerhardt@partners.org,alive,Pancreatic Adenocarcinoma,BRAF,p.N486_P490del,In_Frame_Del,MUTATION,2018-11-23 22:28:14,7,1.40477836e+08,c.1457_1471delATGTGACAGCACCTA,GTAGGTGCTGTCACAT,12,-,0.12,,false,ObjectId(5c2c57edcfd160036917aa6e)
848079,BL-18-A48067,KIM KARANIAN,17-489,NCT02675946,!APC,,gene,open,arm,PH1 ESC,19032,"MEYERHARDT, JEFFREY  M.D.",jmeyerhardt@partners.org,alive,Pancreatic Adenocarcinoma,,,,,2018-11-23 22:28:14,,,,,,,,,,ObjectId(5c2c57f0cfd1600369184e12)
848079,BL-18-A48067,KIM KARANIAN,15-129,NCT01351103,RNF43 p.L710Q,4,gene,closed,arm,WNT ,13610,"MEYERHARDT, JEFFREY  M.D.",jmeyerhardt@partners.org,alive,Pancreatic Adenocarcinoma,RNF43,p.L710Q,Missense_Mutation,MUTATION,2018-11-23 22:28:14,17,5.6435008e+07,c.2129T>A,A,9,-,0.34,,false,ObjectId(5c2c57f0cfd1600369187123)
848079,BL-18-A48067,KIM KARANIAN,11-490,NCT01449058,BRAF p.N486_P490del,2,gene,closed,dose,3b,4300,"MEYERHARDT, JEFFREY  M.D.",jmeyerhardt@partners.org,alive,Pancreatic Adenocarcinoma,BRAF,p.N486_P490del,In_Frame_Del,MUTATION,2018-11-23 22:28:14,7,1.40477836e+08,c.1457_1471delATGTGACAGCACCTA,GTAGGTGCTGTCACAT,12,-,0.12,,false,ObjectId(5c2c57f0cfd160036918d1a2)
848079,BL-18-A48067,KIM KARANIAN,11-490,NCT01449058,BRAF p.N486_P490del,2,gene,closed,dose,1,4191,"MEYERHARDT, JEFFREY  M.D.",jmeyerhardt@partners.org,alive,Pancreatic Adenocarcinoma,BRAF,p.N486_P490del,In_Frame_Del,MUTATION,2018-11-23 22:28:14,7,1.40477836e+08,c.1457_1471delATGTGACAGCACCTA,GTAGGTGCTGTCACAT,12,-,0.12,,false,ObjectId(5c2c57f0cfd1600369192e2c)
848079,BL-18-A48067,KIM KARANIAN,13-010,NCT01781429,BRAF p.N486_P490del,2,gene,closed,dose,EXP,7922,"MEYERHARDT, JEFFREY  M.D.",jmeyerhardt@partners.org,alive,Pancreatic Adenocarcinoma,BRAF,p.N486_P490del,In_Frame_Del,MUTATION,2018-11-23 22:28:14,7,1.40477836e+08,c.1457_1471delATGTGACAGCACCTA,GTAGGTGCTGTCACAT,12,-,0.12,,false,ObjectId(5c2c57f5cfd16003691aa8da)
848079,BL-18-A48067,KIM KARANIAN,15-129,NCT01351103,RNF43 p.L710Q,4,gene,closed,arm,PANC,13609,"MEYERHARDT, JEFFREY  M.D.",jmeyerhardt@partners.org,alive,Pancreatic Adenocarcinoma,RNF43,p.L710Q,Missense_Mutation,MUTATION,2018-11-23 22:28:14,17,5.6435008e+07,c.2129T>A,A,9,-,0.34,,false,ObjectId(5c2c57f5cfd16003691b14b3)
848079,BL-18-A48067,KIM KARANIAN,17-251,NCT03114319,!NRAS p.G12,,variant,closed,arm,FE,17744,"MEYERHARDT, JEFFREY  M.D.",jmeyerhardt@partners.org,alive,Pancreatic Adenocarcinoma,,,,,2018-11-23 22:28:14,,,,,,,,,,ObjectId(5c2c57f9cfd16003691b9768)
848079,BL-18-A48067,KIM KARANIAN,17-251,NCT03114319,!KRAS p.Q61,,variant,closed,arm,FE,17744,"MEYERHARDT, JEFFREY  M.D.",jmeyerhardt@partners.org,alive,Pancreatic Adenocarcinoma,,,,,2018-11-23 22:28:14,,,,,,,,,,ObjectId(5c2c57f9cfd16003691b977e)
848079,BL-18-A48067,KIM KARANIAN,17-628,NCT03361358,CDKN2A Heterozygous deletion,,gene,open,step,1,15025,"MEYERHARDT, JEFFREY  M.D.",jmeyerhardt@partners.org,alive,Pancreatic Adenocarcinoma,CDKN2A,,,CNV,2018-11-23 22:28:14,,,,,,,,Heterozygous deletion,false,ObjectId(5c2c57facfd16003691cba5b)
848079,BL-18-A48067,KIM KARANIAN,11-490,NCT01449058,BRAF p.N486_P490del,2,gene,closed,dose,4,4589,"MEYERHARDT, JEFFREY  M.D.",jmeyerhardt@partners.org,alive,Pancreatic Adenocarcinoma,BRAF,p.N486_P490del,In_Frame_Del,MUTATION,2018-11-23 22:28:14,7,1.40477836e+08,c.1457_1471delATGTGACAGCACCTA,GTAGGTGCTGTCACAT,12,-,0.12,,false,ObjectId(5c2c57facfd16003691cfb8a)
848079,BL-18-A48067,KIM KARANIAN,17-489,NCT02675946,!CTNNB1 High level amplification,,gene,open,arm,PH1 ESC,19032,"MEYERHARDT, JEFFREY  M.D.",jmeyerhardt@partners.org,alive,Pancreatic Adenocarcinoma,,,,,2018-11-23 22:28:14,,,,,,,,,,ObjectId(5c2c5801cfd16003691e5e58)
848079,BL-18-A48067,KIM KARANIAN,17-489,NCT02675946,!CTNNB1 Gain,,gene,open,arm,PH1 ESC,19032,"MEYERHARDT, JEFFREY  M.D.",jmeyerhardt@partners.org,alive,Pancreatic Adenocarcinoma,,,,,2018-11-23 22:28:14,,,,,,,,,,ObjectId(5c2c5801cfd16003691e5e73)
848079,BL-18-A48067,KIM KARANIAN,17-251,NCT03114319,!NRAS p.Q61,,variant,closed,arm,FE,17744,"MEYERHARDT, JEFFREY  M.D.",jmeyerhardt@partners.org,alive,Pancreatic Adenocarcinoma,,,,,2018-11-23 22:28:14,,,,,,,,,,ObjectId(5c2c5801cfd16003691e655f)
848079,BL-18-A48067,KIM KARANIAN,11-490,NCT01449058,BRAF p.N486_P490del,2,gene,closed,dose,6a,4914,"MEYERHARDT, JEFFREY  M.D.",jmeyerhardt@partners.org,alive,Pancreatic Adenocarcinoma,BRAF,p.N486_P490del,In_Frame_Del,MUTATION,2018-11-23 22:28:14,7,1.40477836e+08,c.1457_1471delATGTGACAGCACCTA,GTAGGTGCTGTCACAT,12,-,0.12,,false,ObjectId(5c2c5801cfd16003691ebdf1)
848079,BL-18-A48067,KIM KARANIAN,17-251,NCT03114319,!KRAS p.G13,,variant,closed,arm,ARM 4,17677,"MEYERHARDT, JEFFREY  M.D.",jmeyerhardt@partners.org,alive,Pancreatic Adenocarcinoma,,,,,2018-11-23 22:28:14,,,,,,,,,,ObjectId(5c2c5801cfd16003691f3fd5)
848079,BL-18-A48067,KIM KARANIAN,17-251,NCT03114319,!NRAS p.G12,,variant,closed,arm,ARM 4,17677,"MEYERHARDT, JEFFREY  M.D.",jmeyerhardt@partners.org,alive,Pancreatic Adenocarcinoma,,,,,2018-11-23 22:28:14,,,,,,,,,,ObjectId(5c2c5801cfd16003691f3fd9)
848079,BL-18-A48067,KIM KARANIAN,17-251,NCT03114319,!KRAS p.Q61,,variant,closed,arm,ARM 4,17677,"MEYERHARDT, JEFFREY  M.D.",jmeyerhardt@partners.org,alive,Pancreatic Adenocarcinoma,,,,,2018-11-23 22:28:14,,,,,,,,,,ObjectId(5c2c5801cfd16003691f3fda)
848079,BL-18-A48067,KIM KARANIAN,15-129,NCT01351103,RNF43 p.L710Q,4,gene,closed,arm,DOSE,13601,"MEYERHARDT, JEFFREY  M.D.",jmeyerhardt@partners.org,alive,Pancreatic Adenocarcinoma,RNF43,p.L710Q,Missense_Mutation,MUTATION,2018-11-23 22:28:14,17,5.6435008e+07,c.2129T>A,A,9,-,0.34,,false,ObjectId(5c2c5802cfd1600369209c20)
848079,BL-18-A48067,KIM KARANIAN,17-251,NCT03114319,!PTPN11,,gene,closed,arm,FE,17744,"MEYERHARDT, JEFFREY  M.D.",jmeyerhardt@partners.org,alive,Pancreatic Adenocarcinoma,,,,,2018-11-23 22:28:14,,,,,,,,,,ObjectId(5c2c5802cfd160036920f256)
848079,BL-18-A48067,KIM KARANIAN,13-523,NCT02014116,BRAF p.N486_P490del,2,gene,closed,arm,PART B,14541,"MEYERHARDT, JEFFREY  M.D.",jmeyerhardt@partners.org,alive,Pancreatic Adenocarcinoma,BRAF,p.N486_P490del,In_Frame_Del,MUTATION,2018-11-23 22:28:14,7,1.40477836e+08,c.1457_1471delATGTGACAGCACCTA,GTAGGTGCTGTCACAT,12,-,0.12,,false,ObjectId(5c2c5809cfd16003692188f0)
848079,BL-18-A48067,KIM KARANIAN,13-523,NCT02014116,BRAF p.N486_P490del,2,gene,closed,arm,PART B,14541,"MEYERHARDT, JEFFREY  M.D.",jmeyerhardt@partners.org,alive,Pancreatic Adenocarcinoma,BRAF,p.N486_P490del,In_Frame_Del,MUTATION,2018-11-23 22:28:14,7,1.40477836e+08,c.1457_1471delATGTGACAGCACCTA,GTAGGTGCTGTCACAT,12,-,0.12,,false,ObjectId(5c2c5809cfd16003692188f1)
848079,BL-18-A48067,KIM KARANIAN,11-490,NCT01449058,BRAF p.N486_P490del,2,gene,closed,dose,7,5203,"MEYERHARDT, JEFFREY  M.D.",jmeyerhardt@partners.org,alive,Pancreatic Adenocarcinoma,BRAF,p.N486_P490del,In_Frame_Del,MUTATION,2018-11-23 22:28:14,7,1.40477836e+08,c.1457_1471delATGTGACAGCACCTA,GTAGGTGCTGTCACAT,12,-,0.12,,false,ObjectId(5c2c580acfd160036922d3eb)
848079,BL-18-A48067,KIM KARANIAN,17-489,NCT02675946,wt AXIN2,,gene,open,arm,PH1 ESC,19032,"MEYERHARDT, JEFFREY  M.D.",jmeyerhardt@partners.org,alive,Pancreatic Adenocarcinoma,AXIN2,,,,2018-11-23 22:28:14,,,,,,,,,true,ObjectId(5c2c580bcfd1600369235195)
848079,BL-18-A48067,KIM KARANIAN,17-489,NCT02675946,RNF43 p.L710Q,4,gene,open,arm,PH1 ESC,19032,"MEYERHARDT, JEFFREY  M.D.",jmeyerhardt@partners.org,alive,Pancreatic Adenocarcinoma,RNF43,p.L710Q,Missense_Mutation,MUTATION,2018-11-23 22:28:14,17,5.6435008e+07,c.2129T>A,A,9,-,0.34,,false,ObjectId(5c2c580bcfd1600369235197)
848079,BL-18-A48067,KIM KARANIAN,11-490,NCT01449058,BRAF p.N486_P490del,2,gene,closed,dose,2,4192,"MEYERHARDT, JEFFREY  M.D.",jmeyerhardt@partners.org,alive,Pancreatic Adenocarcinoma,BRAF,p.N486_P490del,In_Frame_Del,MUTATION,2018-11-23 22:28:14,7,1.40477836e+08,c.1457_1471delATGTGACAGCACCTA,GTAGGTGCTGTCACAT,12,-,0.12,,false,ObjectId(5c2c580bcfd160036923dc6f)
848079,BL-18-A48067,KIM KARANIAN,17-489,NCT02675946,!APC,,gene,closed,arm,PH1 EXP,19450,"MEYERHARDT, JEFFREY  M.D.",jmeyerhardt@partners.org,alive,Pancreatic Adenocarcinoma,,,,,2018-11-23 22:28:14,,,,,,,,,,ObjectId(5c2c580bcfd16003692432ef)
848079,BL-18-A48067,KIM KARANIAN,17-489,NCT02675946,!CTNNB1,,gene,closed,arm,PH1 EXP,19450,"MEYERHARDT, JEFFREY  M.D.",jmeyerhardt@partners.org,alive,Pancreatic Adenocarcinoma,,,,,2018-11-23 22:28:14,,,,,,,,,,ObjectId(5c2c580bcfd160036924404f)
848079,BL-18-A48067,KIM KARANIAN,17-489,NCT02675946,!CTNNB1 High level amplification,,gene,closed,arm,PH1 EXP,19450,"MEYERHARDT, JEFFREY  M.D.",jmeyerhardt@partners.org,alive,Pancreatic Adenocarcinoma,,,,,2018-11-23 22:28:14,,,,,,,,,,ObjectId(5c2c580bcfd1600369244050)
848079,BL-18-A48067,KIM KARANIAN,17-489,NCT02675946,!APC Homozygous deletion,,gene,closed,arm,PH1 EXP,19450,"MEYERHARDT, JEFFREY  M.D.",jmeyerhardt@partners.org,alive,Pancreatic Adenocarcinoma,,,,,2018-11-23 22:28:14,,,,,,,,,,ObjectId(5c2c580bcfd1600369244051)
848079,BL-18-A48067,KIM KARANIAN,17-489,NCT02675946,!APC Heterozygous deletion,,gene,closed,arm,PH1 EXP,19450,"MEYERHARDT, JEFFREY  M.D.",jmeyerhardt@partners.org,alive,Pancreatic Adenocarcinoma,,,,,2018-11-23 22:28:14,,,,,,,,,,ObjectId(5c2c580bcfd1600369244052)
848079,BL-18-A48067,KIM KARANIAN,17-489,NCT02675946,RNF43 p.L710Q,4,gene,closed,arm,PH1 EXP,19450,"MEYERHARDT, JEFFREY  M.D.",jmeyerhardt@partners.org,alive,Pancreatic Adenocarcinoma,RNF43,p.L710Q,Missense_Mutation,MUTATION,2018-11-23 22:28:14,17,5.6435008e+07,c.2129T>A,A,9,-,0.34,,false,ObjectId(5c2c580bcfd1600369244053)
848079,BL-18-A48067,KIM KARANIAN,17-489,NCT02675946,!CTNNB1 Gain,,gene,closed,arm,PH1 EXP,19450,"MEYERHARDT, JEFFREY  M.D.",jmeyerhardt@partners.org,alive,Pancreatic Adenocarcinoma,,,,,2018-11-23 22:28:14,,,,,,,,,,ObjectId(5c2c580bcfd1600369244055)
848079,BL-18-A48067,KIM KARANIAN,17-489,NCT02675946,wt AXIN2,,gene,closed,arm,PH1 EXP,19450,"MEYERHARDT, JEFFREY  M.D.",jmeyerhardt@partners.org,alive,Pancreatic Adenocarcinoma,AXIN2,,,,2018-11-23 22:28:14,,,,,,,,,true,ObjectId(5c2c580bcfd1600369244056)
848079,BL-18-A48067,KIM KARANIAN,18-109,NCT03520075,BRAF p.N486_P490del,2,gene,closed,arm,COHORT D,21580,"MEYERHARDT, JEFFREY  M.D.",jmeyerhardt@partners.org,alive,Pancreatic Adenocarcinoma,BRAF,p.N486_P490del,In_Frame_Del,MUTATION,2018-11-23 22:28:14,7,1.40477836e+08,c.1457_1471delATGTGACAGCACCTA,GTAGGTGCTGTCACAT,12,-,0.12,,false,ObjectId(5c2c580bcfd160036924520c)
848079,BL-18-A48067,KIM KARANIAN,16-456,NCT02857270,BRAF p.N486_P490del,2,gene,closed,arm,PART B2,19334,"MEYERHARDT, JEFFREY  M.D.",jmeyerhardt@partners.org,alive,Pancreatic Adenocarcinoma,BRAF,p.N486_P490del,In_Frame_Del,MUTATION,2018-11-23 22:28:14,7,1.40477836e+08,c.1457_1471delATGTGACAGCACCTA,GTAGGTGCTGTCACAT,12,-,0.12,,false,ObjectId(5c2c580bcfd16003692499eb)
848079,BL-18-A48067,KIM KARANIAN,11-490,NCT01449058,BRAF p.N486_P490del,2,gene,closed,dose,5a,4723,"MEYERHARDT, JEFFREY  M.D.",jmeyerhardt@partners.org,alive,Pancreatic Adenocarcinoma,BRAF,p.N486_P490del,In_Frame_Del,MUTATION,2018-11-23 22:28:14,7,1.40477836e+08,c.1457_1471delATGTGACAGCACCTA,GTAGGTGCTGTCACAT,12,-,0.12,,false,ObjectId(5c2c580bcfd1600369249c35)
